Workbook

Sheet recta
B1: Ejercicio 1:
B3: Recta
G4: (a0+a1*x-yi)^2
B5: i | C5: xi | D5: yi | E5: xi^2 | F5: xi*yi | G5: (P1(x)-yi)^2 | H5: (yi-ybar)^2
B6: 1 | C6: 1 | D6: 9 | E6: =C6^2 -> 1 | F6: =C6*D6 -> 9 | G6: =($K$26+$K$27*C6-D6)^2 -> 0.0324 | H6: =(D6-$C$16)^2 -> 14.7456
B7: 2 | C7: 2 | D7: 7.5 | E7: =C7^2 -> 4 | F7: =C7*D7 -> 15 | G7: =($K$26+$K$27*C7-D7)^2 -> 0.2601 | H7: =(D7-$C$16)^2 -> 5.4756
B8: 3 | C8: 3 | D8: 4.2 | E8: =C8^2 -> 9 | F8: =C8*D8 -> 12.6 | G8: =($K$26+$K$27*C8-D8)^2 -> 0.9216 | H8: =(D8-$C$16)^2 -> 0.9216
B9: 4 | C9: 4 | D9: 3 | E9: =C9^2 -> 16 | F9: =C9*D9 -> 12 | G9: =($K$26+$K$27*C9-D9)^2 -> 0.1089 | H9: =(D9-$C$16)^2 -> 4.6656
B10: 5 | C10: 5 | D10: 2.1 | E10: =C10^2 -> 25 | F10: =C10*D10 -> 10.5 | G10: =($K$26+$K$27*C10-D10)^2 -> 0.36 | H10: =(D10-$C$16)^2 -> 9.3636
B11: suma | C11: =SUM(C6:C10) -> 15 | D11: =SUM(D6:D10) -> 25.8 | E11: =SUM(E6:E10) -> 55 | F11: =SUM(F6:F10) -> 59.1 | G11: =SUM(G6:G10) -> 1.683 | H11: =SUM(H6:H10) -> 35.172
F12: Q | G12: =G11 -> 1.683
B14: m= | C14: 1 | D14: polinomial
B15: n+1= | C15: =COUNTA(B6:B10) -> 5 | D15: nodos | J15: Objetivo: | K15: y=a0+a1*x
B16: media y= | C16: =AVERAGE(D6:D10) -> 5.16
B17: Q= | C17: =G11 -> 1.683 | J17: C | M17: b
B18: Sy/x= | C18: =SQRT(C17/(C15-(C14+1))) -> 0.74899933 | J18: =C15 -> 5 | K18: =C11 -> 15 | M18: =D11 -> 25.8
B19: r^2= | C19: =(H11-G11)/H11 -> 0.95214944 | J19: =C11 -> 15 | K19: =E11 -> 55 | M19: =F11 -> 59.1
B20: r= | C20: =SQRT(C19) -> 0.97578145
J21: inv(C)
B22: P(x)= | C22: a0+a1*x | J22: =INDEX(MINVERSE($J$18:$K$19),1,1) -> 1.1 | K22: =INDEX(MINVERSE($J$18:$K$19),1,2) -> -0.3
B23: x= | C23: 2.5 | D23: meses | J23: =INDEX(MINVERSE($J$18:$K$19),2,1) -> -0.3 | K23: =INDEX(MINVERSE($J$18:$K$19),2,2) -> 0.1
B24: P1(2.5)= | C24: =$K$26+$K$27*C23 -> 6.075 | D24: kg
J25: a
B26: Interpretación: | C26: ="La recta representa el "&TEXT(C19*100,"0.00")&"% de la variabilidad de Y en función de x. La relación es inversa y alta." -> La recta representa el 95.21% de la variabilidad de Y en función de x. La relación es inversa y alta. | K26: =INDEX(MMULT(MINVERSE($J$18:$K$19),$M$18:$M$19),1,1) -> 10.65 | L26: a0
B27: Conclusión: | C27: ="A los 2.5 meses la pérdida de peso es "&TEXT(C24,"0.0000")&" kg (con la recta)." -> A los 2.5 meses la pérdida de peso es 6.0750 kg (con la recta). | K27: =INDEX(MMULT(MINVERSE($J$18:$K$19),$M$18:$M$19),2,1) -> -1.83 | L27: a1
B29: Gráfica
B53: Evidencias Octave (Ventana de comandos)
B54: x e y
B78: recta: c1, b1, a1

Sheet parabola
B1: Ejercicio 1:
B3: Parábola
J4: (a0+a1*x+a2*x^2-yi)^2
B5: i | C5: xi | D5: yi | E5: xi^2 | F5: xi^3 | G5: xi^4 | H5: xi*yi | I5: xi^2*yi | J5: (P2(x)-yi)^2 | K5: (yi-ybar)^2
B6: 1 | C6: 1 | D6: 9 | E6: =C6^2 -> 1 | F6: =C6^3 -> 1 | G6: =C6^4 -> 1 | H6: =C6*D6 -> 9 | I6: =E6*D6 -> 9 | J6: =($N$28+$N$29*C6+$N$30*C6^2-D6)^2 -> 0.084930612 | K6: =(D6-$C$16)^2 -> 14.7456
B7: 2 | C7: 2 | D7: 7.5 | E7: =C7^2 -> 4 | F7: =C7^3 -> 8 | G7: =C7^4 -> 16 | H7: =C7*D7 -> 15 | I7: =E7*D7 -> 30 | J7: =($N$28+$N$29*C7+$N$30*C7^2-D7)^2 -> 0.5560898 | K7: =(D7-$C$16)^2 -> 5.4756
B8: 3 | C8: 3 | D8: 4.2 | E8: =C8^2 -> 9 | F8: =C8^3 -> 27 | G8: =C8^4 -> 81 | H8: =C8*D8 -> 12.6 | I8: =E8*D8 -> 37.8 | J8: =($N$28+$N$29*C8+$N$30*C8^2-D8)^2 -> 0.23870204 | K8: =(D8-$C$16)^2 -> 0.9216
B9: 4 | C9: 4 | D9: 3 | E9: =C9^2 -> 16 | F9: =C9^3 -> 64 | G9: =C9^4 -> 256 | H9: =C9*D9 -> 12 | I9: =E9*D9 -> 48 | J9: =($N$28+$N$29*C9+$N$30*C9^2-D9)^2 -> 0.0088897959 | K9: =(D9-$C$16)^2 -> 4.6656
B10: 5 | C10: 5 | D10: 2.1 | E10: =C10^2 -> 25 | F10: =C10^3 -> 125 | G10: =C10^4 -> 625 | H10: =C10*D10 -> 10.5 | I10: =E10*D10 -> 52.5 | J10: =($N$28+$N$29*C10+$N$30*C10^2-D10)^2 -> 0.016530612 | K10: =(D10-$C$16)^2 -> 9.3636
B11: suma | C11: =SUM(C6:C10) -> 15 | D11: =SUM(D6:D10) -> 25.8 | E11: =SUM(E6:E10) -> 55 | F11: =SUM(F6:F10) -> 225 | G11: =SUM(G6:G10) -> 979 | H11: =SUM(H6:H10) -> 59.1 | I11: =SUM(I6:I10) -> 177.3 | J11: =SUM(J6:J10) -> 0.90514286 | K11: =SUM(K6:K10) -> 35.172
I12: Q | J12: =J11 -> 0.90514286
B14: m= | C14: 2 | D14: polinomial
B15: n+1= | C15: =COUNTA(B6:B10) -> 5 | D15: nodos | M15: Objetivo: | N15: y=a0+a1*x+a2*x^2
B16: media y= | C16: =AVERAGE(D6:D10) -> 5.16
B17: Q= | C17: =J11 -> 0.90514286 | M17: C | Q17: b
B18: Sy/x= | C18: =SQRT(C17/(C15-(C14+1))) -> 0.67273429 | M18: =C15 -> 5 | N18: =C11 -> 15 | O18: =E11 -> 55 | Q18: =D11 -> 25.8
B19: r^2= | C19: =(K11-J11)/K11 -> 0.97426524 | M19: =C11 -> 15 | N19: =E11 -> 55 | O19: =F11 -> 225 | Q19: =H11 -> 59.1
B20: r= | C20: =SQRT(C19) -> 0.98704875 | M20: =E11 -> 55 | N20: =F11 -> 225 | O20: =G11 -> 979 | Q20: =I11 -> 177.3
B22: P(x)= | C22: a0+a1*x+a2*x^2 | M22: inv(C)
B23: x= | C23: 2.5 | D23: meses | M23: =INDEX(MINVERSE($M$18:$O$20),1,1) -> 4.6 | N23: =INDEX(MINVERSE($M$18:$O$20),1,2) -> -3.3 | O23: =INDEX(MINVERSE($M$18:$O$20),1,3) -> 0.5
B24: P2(2.5)= | C24: =$N$28+$N$29*C23+$N$30*C23^2 -> 5.6625 | D24: kg | M24: =INDEX(MINVERSE($M$18:$O$20),2,1) -> -3.3 | N24: =INDEX(MINVERSE($M$18:$O$20),2,2) -> 2.6714286 | O24: =INDEX(MINVERSE($M$18:$O$20),2,3) -> -0.42857143
M25: =INDEX(MINVERSE($M$18:$O$20),3,1) -> 0.5 | N25: =INDEX(MINVERSE($M$18:$O$20),3,2) -> -0.42857143 | O25: =INDEX(MINVERSE($M$18:$O$20),3,3) -> 0.071428571
B26: Interpretación: | C26: ="La parábola representa el "&TEXT(C19*100,"0.00")&"% de la variabilidad de Y en función de x. La relación es inversa y alta." -> La parábola representa el 97.43% de la variabilidad de Y en función de x. La relación es inversa y alta.
B27: Conclusión: | C27: ="A los 2.5 meses la pérdida de peso es "&TEXT(C24,"0.0000")&" kg (con la parábola)." -> A los 2.5 meses la pérdida de peso es 5.6625 kg (con la parábola). | M27: a
N28: =INDEX(MMULT(MINVERSE($M$18:$O$20),$Q$18:$Q$20),1,1) -> 12.3 | O28: a0
B29: Gráfica | N29: =INDEX(MMULT(MINVERSE($M$18:$O$20),$Q$18:$Q$20),2,1) -> -3.2442857 | O29: a1
N30: =INDEX(MMULT(MINVERSE($M$18:$O$20),$Q$18:$Q$20),3,1) -> 0.23571429 | O30: a2
B53: Evidencias Octave (Ventana de comandos)
B54: parábola: c2, b2, a2

Sheet comparacion
B1: Ejercicio 1:
B3: ajuste | C3: P(x) | D3: Q | E3: Sy/x | F3: r^2 | G3: r | H3: P(2.5) kg
B4: recta (m=1) | C4: =TEXT(recta!K26,"0.0000")&TEXT(recta!K27,"+0.0000;-0.0000")&"x" -> 10.6500-1.8300x | D4: =recta!C17 -> 1.683 | E4: =recta!C18 -> 0.74899933 | F4: =recta!C19 -> 0.95214944 | G4: =recta!C20 -> 0.97578145 | H4: =recta!C24 -> 6.075
B5: parábola (m=2) | C5: =TEXT(parabola!N28,"0.0000")&TEXT(parabola!N29,"+0.0000;-0.0000")&"x"&TEXT(parabola!N30,"+0.0000;-0.0000")&"x^2" -> 12.3000-3.2443x+0.2357x^2 | D5: =parabola!C17 -> 0.90514286 | E5: =parabola!C18 -> 0.67273429 | F5: =parabola!C19 -> 0.97426524 | G5: =parabola!C20 -> 0.98704875 | H5: =parabola!C24 -> 5.6625
B7: Más preciso: | C7: =IF(D5<D4,"la parábola (menor Q y menor Sy/x, mayor r^2)","la recta (menor Q y menor Sy/x, mayor r^2)") -> la parábola (menor Q y menor Sy/x, mayor r^2)
B8: Pérdida a los 2.5 meses: | C8: =TEXT(IF(D5<D4,H5,H4),"0.0000")&" kg" -> 5.6625 kg
B9: Interpretación: | C9: ="La parábola representa el "&TEXT(F5*100,"0.00")&"% de la variabilidad de Y y la recta el "&TEXT(F4*100,"0.00")&"%." -> La parábola representa el 97.43% de la variabilidad de Y y la recta el 95.21%.
B10: Conclusión: | C10: ="El mejor ajuste es el que tiene Q más cerca de 0: "&C7&". Con ese ajuste, a los 2.5 meses la pérdida de peso es "&C8&"." -> El mejor ajuste es el que tiene Q más cerca de 0: la parábola (menor Q y menor Sy/x, mayor r^2). Con ese ajuste, a los 2.5 meses la pérdida de peso es 5.6625 kg.
B12: Gráfica
